analise_id,trecho_id,analise_data,quantitativo
1,2,2026-05-14 11:59:02,0
2,13,2026-05-14 12:01:48,0
3,13,2026-05-14 12:01:59,0
4,13,2026-05-14 12:05:17,0
5,13,2026-05-14 12:05:21,0
6,13,2026-05-14 12:05:24,0
7,14,2026-05-14 12:08:29,0
8,14,2026-05-14 12:08:30,0
9,14,2026-05-14 12:08:31,0
10,14,2026-05-14 12:08:33,0
11,14,2026-05-14 12:08:35,16
12,15,2026-05-14 12:09:01,0
13,15,2026-05-14 12:09:03,0
15,15,2026-05-14 12:09:04,0
16,15,2026-05-14 12:09:05,2
17,16,2026-05-14 12:09:22,0
18,16,2026-05-14 12:09:23,0
19,16,2026-05-14 12:09:24,0
21,16,2026-05-14 12:09:28,2
22,17,2026-05-14 12:09:41,0
23,17,2026-05-14 12:09:42,0
24,17,2026-05-14 12:09:43,0
25,17,2026-05-14 12:09:44,0
26,17,2026-05-14 12:09:45,0
27,18,2026-05-14 12:09:46,0
28,18,2026-05-14 12:09:47,0
29,18,2026-05-14 12:09:48,0
31,18,2026-05-14 12:09:49,0
32,20,2026-05-14 12:11:32,6
33,20,2026-05-14 12:11:37,0
34,20,2026-05-14 12:11:42,0
35,20,2026-05-14 12:11:44,0
36,20,2026-05-14 12:11:45,0
37,20,2026-05-14 12:11:55,6
38,21,2026-05-14 12:12:09,4
39,21,2026-05-14 12:12:10,0
41,21,2026-05-14 12:12:11,0
42,21,2026-05-14 12:12:20,0
43,22,2026-05-14 12:12:22,2
44,22,2026-05-14 12:12:24,0
45,22,2026-05-14 12:12:25,0
46,22,2026-05-14 12:12:26,0
48,23,2026-05-14 12:12:36,0
50,23,2026-05-14 12:12:39,0
51,23,2026-05-14 12:12:40,0
52,23,2026-05-14 12:12:41,0
53,24,2026-05-14 12:12:50,18
54,24,2026-05-14 12:12:51,0
55,24,2026-05-14 12:12:52,0
56,24,2026-05-14 12:13:04,0
58,25,2026-05-14 12:13:18,0
60,25,2026-05-14 12:13:19,0
61,25,2026-05-14 12:13:20,0
62,25,2026-05-14 12:13:21,0
63,26,2026-05-14 12:13:42,28
64,26,2026-05-14 12:13:45,0
65,26,2026-05-14 12:13:46,0
67,26,2026-05-14 12:13:48,0
68,28,2026-05-14 12:14:05,0
69,28,2026-05-14 12:14:08,0
70,28,2026-05-14 12:14:13,0
71,28,2026-05-14 12:14:18,480
72,28,2026-05-14 12:14:21,0
73,30,2026-05-14 12:15:00,196
74,30,2026-05-14 12:15:06,32
75,30,2026-05-14 12:15:10,2
76,30,2026-05-14 12:15:14,80
77,30,2026-05-14 12:15:19,68
78,33,2026-05-14 12:15:34,136
79,33,2026-05-14 12:15:37,2
80,33,2026-05-14 12:15:40,0
81,33,2026-05-14 12:15:42,0
82,33,2026-05-14 12:15:47,0
83,32,2026-05-14 12:16:32,60
84,32,2026-05-14 12:16:36,0
85,32,2026-05-14 12:16:38,0
86,32,2026-05-14 12:16:41,14
87,32,2026-05-14 12:16:44,14
88,34,2026-05-14 12:17:19,120
89,34,2026-05-14 12:17:24,0
90,34,2026-05-14 12:17:28,120
91,34,2026-05-14 12:17:33,10
92,34,2026-05-14 12:17:36,0
93,35,2026-05-14 12:57:09,60
94,35,2026-05-14 12:57:12,110
95,35,2026-05-14 12:57:15,30
96,2,2026-05-14 13:14:38,0
97,2,2026-05-14 13:14:39,0
98,2,2026-05-14 13:14:40,0
99,2,2026-05-14 13:14:41,0
100,35,2026-05-14 13:16:29,0
101,35,2026-05-14 13:16:36,100
102,36,2026-05-14 13:17:13,690
103,36,2026-05-14 13:17:23,150
104,36,2026-05-14 13:17:28,20
105,36,2026-05-14 13:17:31,60
106,36,2026-05-14 13:17:48,30
107,37,2026-05-14 13:18:02,40
108,37,2026-05-14 13:18:10,1120
109,37,2026-05-14 13:18:15,40
110,37,2026-05-14 13:18:17,100
111,37,2026-05-14 13:18:23,0
112,38,2026-05-14 13:18:30,3710
113,38,2026-05-14 13:18:35,110
114,38,2026-05-14 13:18:37,20
115,38,2026-05-14 13:18:40,110
116,38,2026-05-14 13:18:43,10
117,40,2026-05-14 13:18:58,270
118,40,2026-05-14 13:19:03,170
119,40,2026-05-14 13:19:05,10
120,40,2026-05-14 13:19:07,94
121,40,2026-05-14 13:19:25,6
122,39,2026-05-14 13:19:58,174
123,39,2026-05-14 13:20:00,26
124,39,2026-05-14 13:20:03,12
125,39,2026-05-14 13:20:05,2
126,39,2026-05-14 13:20:07,2
127,42,2026-05-14 13:20:17,148
128,42,2026-05-14 13:20:21,176
129,42,2026-05-14 13:20:25,30
130,42,2026-05-14 13:20:28,356
131,42,2026-05-14 13:20:32,190
132,43,2026-05-14 13:20:41,420
133,43,2026-05-14 13:20:44,50
134,43,2026-05-14 13:20:46,14
135,43,2026-05-14 13:20:49,16
136,43,2026-05-14 13:20:52,0
137,45,2026-05-14 13:21:16,100
138,45,2026-05-14 13:21:29,50
139,45,2026-05-14 13:21:33,20
140,45,2026-05-14 13:21:39,20
141,45,2026-05-14 13:22:02,610
142,44,2026-05-14 13:22:27,40
143,44,2026-05-14 13:22:33,130
144,44,2026-05-14 13:22:36,70
145,44,2026-05-14 13:22:39,150
146,44,2026-05-14 13:22:48,80
147,46,2026-05-14 13:22:57,160
148,46,2026-05-14 13:23:01,0
149,46,2026-05-14 13:23:05,350
150,46,2026-05-14 13:23:09,260
151,46,2026-05-14 13:23:13,380
152,48,2026-05-14 13:23:24,320
153,48,2026-05-14 13:23:26,40
154,48,2026-05-14 13:23:29,40
155,48,2026-05-14 13:23:33,0
156,48,2026-05-14 13:23:36,0
157,50,2026-05-14 13:23:57,40
158,50,2026-05-14 13:23:59,10
159,50,2026-05-14 13:24:02,270
160,50,2026-05-14 13:24:04,10
161,50,2026-05-14 13:24:10,2280
162,54,2026-05-14 13:24:33,660
163,54,2026-05-14 13:24:37,3300
164,54,2026-05-14 13:24:39,24
165,54,2026-05-14 13:24:49,1960
166,54,2026-05-14 13:24:50,648
167,56,2026-05-14 13:24:57,12
168,56,2026-05-14 13:25:10,130
169,56,2026-05-14 13:25:13,0
170,56,2026-05-14 13:25:17,118
171,56,2026-05-14 13:25:18,6
172,70,2026-05-14 13:27:37,0
173,67,2026-05-14 13:27:53,2
174,69,2026-05-14 13:27:59,8
175,71,2026-05-14 13:28:04,70
176,73,2026-05-14 13:28:11,0
177,74,2026-05-14 13:28:19,0
178,75,2026-05-14 13:28:24,0
179,75,2026-05-14 13:28:27,0
180,76,2026-05-14 13:28:34,0
181,76,2026-05-14 13:28:38,30
182,72,2026-05-14 13:29:08,6600
183,72,2026-05-14 13:29:10,0
186,72,2026-05-14 13:29:11,0
187,72,2026-05-14 13:29:17,0
188,68,2026-05-14 13:29:36,10
189,68,2026-05-14 13:29:37,0
190,68,2026-05-14 13:29:38,0
193,31,2026-05-14 13:30:20,300
194,31,2026-05-14 13:30:24,10500
195,31,2026-05-14 13:30:29,4760
196,31,2026-05-14 13:30:31,410
197,31,2026-05-14 13:30:35,0
198,47,2026-05-14 13:30:57,440
199,47,2026-05-14 13:30:59,120
200,47,2026-05-14 13:31:02,1380
201,47,2026-05-14 13:31:24,80
202,47,2026-05-14 13:31:28,5060
203,47,2026-05-14 13:31:34,830
204,47,2026-05-14 13:31:50,440
205,47,2026-05-14 13:31:54,120
206,47,2026-05-14 13:31:58,1380
207,47,2026-05-14 13:32:02,80
208,47,2026-05-14 13:32:05,5060
209,53,2026-05-14 13:32:10,830
210,53,2026-05-14 13:32:14,20100
211,53,2026-05-14 13:32:20,30000
212,53,2026-05-14 13:32:31,45000
213,53,2026-05-14 13:32:37,0
214,57,2026-05-14 13:32:45,0
215,57,2026-05-14 13:32:48,20
216,57,2026-05-14 13:32:54,4
217,57,2026-05-14 13:33:06,70
218,57,2026-05-14 13:33:10,6
219,41,2026-05-14 13:33:20,2500
220,41,2026-05-14 13:33:22,660
221,41,2026-05-14 13:33:25,690
222,41,2026-05-14 13:33:28,3700
223,41,2026-05-14 13:33:30,600
224,49,2026-05-14 13:33:36,280
225,49,2026-05-14 13:33:39,300
226,49,2026-05-14 13:33:42,430
227,49,2026-05-14 13:33:44,30
228,49,2026-05-14 13:33:49,90
229,49,2026-05-14 13:33:57,240
230,49,2026-05-14 13:33:59,580
231,49,2026-05-14 13:34:02,170
232,49,2026-05-14 13:34:10,280
233,49,2026-05-14 13:34:13,300
234,49,2026-05-14 13:34:17,430
235,49,2026-05-14 13:34:22,30
236,49,2026-05-14 13:34:25,90
237,51,2026-05-14 13:34:30,240
238,51,2026-05-14 13:34:35,580
239,51,2026-05-14 13:34:38,170
240,51,2026-05-14 13:34:41,230
241,51,2026-05-14 13:34:44,120
242,55,2026-05-14 13:34:55,46
243,55,2026-05-14 13:34:59,158
244,55,2026-05-14 13:35:02,434
245,55,2026-05-14 13:35:04,96
246,55,2026-05-14 13:35:11,1276
247,29,2026-05-14 13:35:53,410
248,29,2026-05-14 13:35:54,0
249,29,2026-05-14 13:35:57,70
250,29,2026-05-14 13:36:02,480
251,29,2026-05-14 13:36:05,160
252,77,2026-05-14 13:41:34,0
253,77,2026-05-14 13:41:36,0
254,77,2026-05-14 13:41:37,0
256,77,2026-05-14 13:41:38,0
257,76,2026-05-14 13:41:43,0
259,76,2026-05-14 13:41:44,0
260,75,2026-05-14 13:41:46,0
262,75,2026-05-14 13:41:47,0
263,74,2026-05-14 13:41:49,0
264,74,2026-05-14 13:41:50,0
266,74,2026-05-14 13:41:52,0
267,73,2026-05-14 13:41:54,0
269,73,2026-05-14 13:41:55,0
271,71,2026-05-14 13:41:57,0
273,71,2026-05-14 13:41:58,0
275,69,2026-05-14 13:42:03,0
276,69,2026-05-14 13:42:04,0
278,69,2026-05-14 13:42:05,0
279,67,2026-05-14 13:42:07,0
281,67,2026-05-14 13:42:08,0
282,67,2026-05-14 13:42:10,0
283,70,2026-05-14 13:42:12,0
284,70,2026-05-14 13:42:13,0
286,70,2026-05-14 13:42:14,0
287,66,2026-05-14 13:42:18,0
288,66,2026-05-14 13:42:19,0
289,66,2026-05-14 13:42:20,0
291,66,2026-05-14 13:42:21,0
292,65,2026-05-14 13:42:24,0
293,65,2026-05-14 13:42:25,0
294,65,2026-05-14 13:42:26,0
295,65,2026-05-14 13:42:28,0
297,64,2026-05-14 13:42:32,0
298,64,2026-05-14 13:42:36,0
299,64,2026-05-14 13:42:38,0
300,64,2026-05-14 13:42:39,0
301,64,2026-05-14 13:42:40,0
302,62,2026-05-14 13:42:41,0
303,62,2026-05-14 13:42:42,0
304,62,2026-05-14 13:42:43,0
305,62,2026-05-14 13:42:44,0
307,59,2026-05-14 13:42:46,0
308,59,2026-05-14 13:42:47,0
310,59,2026-05-14 13:42:48,0
312,58,2026-05-14 13:42:50,0
314,58,2026-05-14 13:42:51,0
316,58,2026-05-14 13:42:52,0
317,61,2026-05-14 13:42:54,0
318,61,2026-05-14 13:42:55,0
320,61,2026-05-14 13:42:56,0
322,27,2026-05-14 13:43:08,0
323,27,2026-05-14 13:43:09,0
325,27,2026-05-14 13:43:10,0
326,27,2026-05-14 13:43:11,0
327,60,2026-05-14 13:43:16,0
328,60,2026-05-14 13:43:17,0
329,60,2026-05-14 13:43:18,0
331,60,2026-05-14 13:43:19,0
332,1,2026-05-14 13:43:29,0
334,1,2026-05-14 13:43:30,0
336,1,2026-05-14 13:43:31,0
337,3,2026-05-14 13:43:33,0
339,3,2026-05-14 13:43:34,0
341,3,2026-05-14 13:43:36,0
342,4,2026-05-14 13:43:39,0
344,4,2026-05-14 13:43:40,0
345,4,2026-05-14 13:43:41,0
347,5,2026-05-14 13:43:45,0
348,5,2026-05-14 13:43:46,0
349,5,2026-05-14 13:43:47,0
350,5,2026-05-14 13:43:48,0
352,6,2026-05-14 13:43:50,0
354,6,2026-05-14 13:43:51,0
356,6,2026-05-14 13:43:52,0
357,7,2026-05-14 13:43:53,0
358,7,2026-05-14 13:43:54,0
360,7,2026-05-14 13:43:55,0
362,8,2026-05-14 13:43:57,0
364,8,2026-05-14 13:43:58,0
367,9,2026-05-14 13:44:00,0
369,9,2026-05-14 13:44:01,0
371,9,2026-05-14 13:44:02,0
372,10,2026-05-14 13:44:05,0
374,10,2026-05-14 13:44:06,0
375,10,2026-05-14 13:44:07,0
377,11,2026-05-14 13:44:09,0
380,11,2026-05-14 13:44:10,0
382,12,2026-05-14 13:44:12,0
384,12,2026-05-14 13:44:13,0
386,12,2026-05-14 13:44:14,0
387,30,2026-05-14 13:58:24,324
388,33,2026-05-14 13:58:31,344
389,32,2026-05-14 13:58:43,8
390,34,2026-05-14 13:59:03,500
391,35,2026-05-14 13:59:30,480
392,36,2026-05-14 13:59:43,20
393,37,2026-05-14 13:59:54,330
394,38,2026-05-14 13:59:58,0
395,40,2026-05-14 14:00:10,50
396,39,2026-05-14 14:00:14,54
397,42,2026-05-14 14:00:18,4
398,43,2026-05-14 14:00:23,54
399,45,2026-05-14 14:00:31,1500
400,44,2026-05-14 14:00:41,650
401,46,2026-05-14 14:00:47,2700
402,48,2026-05-14 14:00:54,1750
403,50,2026-05-14 14:00:59,2150
404,54,2026-05-14 14:01:04,44
405,56,2026-05-14 14:01:13,4
406,20,2026-05-14 14:12:03,0
407,21,2026-05-14 14:12:12,172
408,22,2026-05-14 14:12:19,32
409,23,2026-05-14 14:12:22,0
410,24,2026-05-14 14:12:26,66
411,25,2026-05-14 14:12:29,114
412,26,2026-05-14 14:12:33,2
413,28,2026-05-14 14:12:37,44
414,30,2026-05-14 14:12:45,22
415,33,2026-05-14 14:12:52,14
416,32,2026-05-14 14:12:58,6
417,34,2026-05-14 14:13:04,10
418,35,2026-05-14 14:13:08,110
419,36,2026-05-14 14:13:19,60
420,37,2026-05-14 14:13:24,120
421,38,2026-05-14 14:13:31,30
422,40,2026-05-14 14:13:34,20
423,39,2026-05-14 14:13:38,48
424,42,2026-05-14 14:13:41,78
425,43,2026-05-14 14:13:48,186
426,45,2026-05-14 14:13:55,0
427,44,2026-05-14 14:14:04,0
428,46,2026-05-14 14:14:09,30
429,48,2026-05-14 14:14:13,50
430,50,2026-05-14 14:14:19,0
431,54,2026-05-14 14:14:23,388
432,56,2026-05-14 14:14:27,156
433,29,2026-05-14 14:14:49,20
434,13,2026-05-14 14:17:11,0
435,14,2026-05-14 14:17:17,2
436,15,2026-05-14 14:17:21,0
437,16,2026-05-14 14:17:25,6
438,17,2026-05-14 14:17:28,0
439,18,2026-05-14 14:17:32,440
440,20,2026-05-14 14:19:20,19
441,21,2026-05-14 14:19:25,20
442,22,2026-05-14 14:19:28,46
443,23,2026-05-14 14:19:32,6
444,24,2026-05-14 14:19:37,42
445,25,2026-05-14 14:19:42,6
446,26,2026-05-14 14:19:56,44
447,28,2026-05-14 14:19:59,24
448,29,2026-05-14 14:20:20,90
449,27,2026-05-14 14:21:05,6300
450,29,2026-05-14 14:21:41,110
451,30,2026-05-14 14:22:06,108
452,33,2026-05-14 14:22:16,4
453,32,2026-05-14 14:22:40,14
454,34,2026-05-14 14:22:47,80
455,35,2026-05-14 14:22:55,0
456,36,2026-05-14 14:23:03,180
457,37,2026-05-14 14:23:10,50
458,38,2026-05-14 14:23:14,60
459,40,2026-05-14 14:23:23,56
460,39,2026-05-14 14:23:27,20
461,42,2026-05-14 14:23:34,0
462,43,2026-05-14 14:23:40,44
463,45,2026-05-14 14:23:46,1790
464,44,2026-05-14 14:23:57,670
465,46,2026-05-14 14:24:03,1630
466,48,2026-05-14 14:24:08,890
467,50,2026-05-14 14:24:21,6720
468,54,2026-05-14 14:24:25,24
469,56,2026-05-14 14:24:31,2
470,31,2026-05-14 14:24:41,0
471,47,2026-05-14 14:24:52,720
472,57,2026-05-14 14:25:03,52
473,41,2026-05-14 14:25:10,0
474,49,2026-05-14 14:25:16,370
475,51,2026-05-14 14:25:21,130
476,55,2026-05-14 14:25:27,3000
477,61,2026-05-14 14:25:44,68
478,58,2026-05-14 14:25:49,4
479,59,2026-05-14 14:25:53,6
480,62,2026-05-14 14:25:59,10
481,64,2026-05-14 14:26:08,2
482,65,2026-05-14 14:26:13,8
483,66,2026-05-14 14:26:19,206
484,60,2026-05-14 14:26:28,190
485,70,2026-05-14 14:26:40,210
486,67,2026-05-14 14:26:44,6
487,69,2026-05-14 14:26:49,10
488,71,2026-05-14 14:26:55,2930
489,73,2026-05-14 14:27:01,430
490,74,2026-05-14 14:27:07,10
491,75,2026-05-14 14:27:15,5
492,76,2026-05-14 14:27:20,15
493,77,2026-05-14 14:27:26,10
494,72,2026-05-14 14:27:34,3360
495,68,2026-05-14 14:27:41,110
496,5,2026-05-14 14:28:34,0
497,6,2026-05-14 14:28:39,6
498,7,2026-05-14 14:28:43,14
499,8,2026-05-14 14:28:47,2
500,9,2026-05-14 14:28:50,14
501,10,2026-05-14 14:29:00,0
502,11,2026-05-14 14:29:04,2
503,12,2026-05-14 14:29:07,0
504,13,2026-05-14 14:29:15,2
505,14,2026-05-14 14:29:18,2
506,15,2026-05-14 14:29:21,8
507,16,2026-05-14 14:29:26,38
508,17,2026-05-14 14:29:29,22
509,18,2026-05-14 14:29:32,4
510,20,2026-05-14 14:29:40,6
511,21,2026-05-14 14:29:45,26
512,22,2026-05-14 14:29:48,0
513,23,2026-05-14 14:29:53,126
514,24,2026-05-14 14:29:57,2
515,25,2026-05-14 14:30:01,10
516,26,2026-05-14 14:30:05,4
517,28,2026-05-14 14:30:09,0
518,29,2026-05-14 14:30:27,1180
519,30,2026-05-14 14:30:46,98
520,33,2026-05-14 14:30:50,6
521,32,2026-05-14 14:30:56,366
522,34,2026-05-14 14:31:03,1310
523,35,2026-05-14 14:31:08,450
524,36,2026-05-14 14:31:18,1670
525,37,2026-05-14 14:31:30,40
526,38,2026-05-14 14:31:33,50
527,40,2026-05-14 14:31:37,20
528,39,2026-05-14 14:31:46,0
529,42,2026-05-14 14:31:50,6
530,43,2026-05-14 14:31:53,2
531,45,2026-05-14 14:31:57,20
532,44,2026-05-14 14:32:01,0
533,46,2026-05-14 14:32:08,10
534,48,2026-05-14 14:32:12,20
535,50,2026-05-14 14:32:23,0
536,54,2026-05-14 14:32:29,114
537,56,2026-05-14 14:32:32,0
538,31,2026-05-14 14:32:43,12750
539,47,2026-05-14 14:32:54,220
540,53,2026-05-14 14:32:58,30
541,57,2026-05-14 14:33:02,56
542,41,2026-05-14 14:33:06,12000
543,49,2026-05-14 14:33:15,780
544,51,2026-05-14 14:33:20,4000
545,55,2026-05-14 14:33:24,0
546,70,2026-05-14 14:33:42,10
547,67,2026-05-14 14:33:45,2
548,69,2026-05-14 14:33:51,2
549,71,2026-05-14 14:33:55,920
550,73,2026-05-14 14:33:59,0
551,74,2026-05-14 14:34:04,25
552,75,2026-05-14 14:34:08,20
553,76,2026-05-14 14:34:12,10
554,77,2026-05-14 14:34:20,180
555,72,2026-05-14 14:34:29,10600
556,68,2026-05-14 14:34:35,30
557,13,2026-05-14 14:35:24,8
558,14,2026-05-14 14:35:28,230
559,15,2026-05-14 14:35:32,0
560,16,2026-05-14 14:35:37,30
561,17,2026-05-14 14:35:41,0
562,18,2026-05-14 14:35:45,50
563,20,2026-05-14 14:35:55,58
564,21,2026-05-14 14:35:59,68
565,22,2026-05-14 14:36:02,56
566,23,2026-05-14 14:36:05,56
567,24,2026-05-14 14:36:10,44
568,25,2026-05-14 14:36:13,2
569,26,2026-05-14 14:36:17,50
570,28,2026-05-14 14:36:21,24
571,29,2026-05-14 14:36:35,530
572,30,2026-05-14 14:36:44,700
573,33,2026-05-14 14:36:50,704
574,32,2026-05-14 14:36:55,10
575,34,2026-05-14 14:36:59,890
576,35,2026-05-14 14:37:05,950
577,36,2026-05-14 14:37:10,1120
578,37,2026-05-14 14:37:18,550
579,38,2026-05-14 14:37:21,100
580,40,2026-05-14 14:37:25,4
581,39,2026-05-14 14:37:28,60
582,42,2026-05-14 14:37:32,194
583,43,2026-05-14 14:37:38,368
584,45,2026-05-14 14:37:43,1090
585,44,2026-05-14 14:37:47,360
586,46,2026-05-14 14:37:51,860
587,50,2026-05-14 14:38:06,1570
588,54,2026-05-14 14:38:11,100
589,56,2026-05-14 14:38:16,176
590,31,2026-05-14 14:38:25,0
591,47,2026-05-14 14:38:28,5000
592,53,2026-05-14 14:38:32,0
593,57,2026-05-14 14:38:36,110
594,41,2026-05-14 14:38:41,0
595,51,2026-05-14 14:38:52,630
596,55,2026-05-14 14:38:57,158
597,30,2026-05-14 14:40:06,66
598,33,2026-05-14 14:40:11,20
599,32,2026-05-14 14:40:14,8
600,34,2026-05-14 14:40:18,140
601,35,2026-05-14 14:40:22,460
602,36,2026-05-14 14:40:31,120
603,37,2026-05-14 14:40:36,890
604,38,2026-05-14 14:40:39,990
605,40,2026-05-14 14:40:45,952
606,39,2026-05-14 14:40:51,640
607,42,2026-05-14 14:40:53,44
608,43,2026-05-14 14:40:59,72
609,45,2026-05-14 14:41:03,130
610,44,2026-05-14 14:41:06,230
611,46,2026-05-14 14:41:25,120
612,48,2026-05-14 14:41:31,250
613,50,2026-05-14 14:41:36,2880
614,54,2026-05-14 14:41:40,3780
615,56,2026-05-14 14:41:48,28
616,5,2026-05-14 14:43:05,0
617,6,2026-05-14 14:43:10,8
618,7,2026-05-14 14:43:14,28
619,8,2026-05-14 14:43:18,2
620,9,2026-05-14 14:43:21,0
621,13,2026-05-14 14:43:30,0
622,14,2026-05-14 14:43:33,0
623,15,2026-05-14 14:43:36,4
624,16,2026-05-14 14:43:40,0
625,17,2026-05-14 14:43:44,190
626,18,2026-05-14 14:43:46,0
627,20,2026-05-14 14:43:53,0
628,21,2026-05-14 14:43:56,14
629,22,2026-05-14 14:44:00,60
630,23,2026-05-14 14:44:04,6
631,24,2026-05-14 14:44:08,20
632,25,2026-05-14 14:44:12,12
633,26,2026-05-14 14:44:16,16
634,28,2026-05-14 14:44:20,4
635,29,2026-05-14 14:44:32,30
636,30,2026-05-14 14:44:44,66
637,33,2026-05-14 14:44:46,0
638,32,2026-05-14 14:44:49,18
639,34,2026-05-14 14:44:54,20
640,35,2026-05-14 14:44:59,0
641,36,2026-05-14 14:45:06,50
642,37,2026-05-14 14:45:10,20
643,38,2026-05-14 14:45:14,40
644,40,2026-05-14 14:45:21,118
645,39,2026-05-14 14:45:24,10
646,42,2026-05-14 14:45:34,870
647,43,2026-05-14 14:45:40,1958
648,45,2026-05-14 14:45:44,50
649,44,2026-05-14 14:45:49,260
650,46,2026-05-14 14:45:53,440
651,48,2026-05-14 14:45:58,540
652,50,2026-05-14 14:46:05,740
653,54,2026-05-14 14:46:10,6000
654,56,2026-05-14 14:46:16,40
655,31,2026-05-14 14:46:28,15000
656,47,2026-05-14 14:46:33,530
657,53,2026-05-14 14:46:37,7280
658,57,2026-05-14 14:46:46,26
659,41,2026-05-14 14:46:49,0
660,49,2026-05-14 14:46:54,220
661,51,2026-05-14 14:46:59,190
662,55,2026-05-14 14:47:03,0
663,61,2026-05-14 14:47:18,10
664,58,2026-05-14 14:47:20,138
665,62,2026-05-14 14:47:32,0
666,64,2026-05-14 14:47:36,24
667,65,2026-05-14 14:47:39,64
668,66,2026-05-14 14:47:42,232
669,70,2026-05-14 14:47:58,10
670,67,2026-05-14 14:47:59,2
671,69,2026-05-14 14:48:02,10
672,71,2026-05-14 14:48:07,250
673,73,2026-05-14 14:48:10,320
674,74,2026-05-14 14:48:13,5
675,75,2026-05-14 14:48:16,5
676,76,2026-05-14 14:48:18,25
677,77,2026-05-14 14:48:20,0
678,72,2026-05-14 14:48:29,10300
679,68,2026-05-14 14:48:35,60
680,10,2026-05-14 14:49:21,2
681,11,2026-05-14 14:49:24,4
682,12,2026-05-14 14:49:26,14
683,13,2026-05-14 14:49:35,24
684,14,2026-05-14 14:49:37,4
685,15,2026-05-14 14:49:41,2
686,16,2026-05-14 14:49:44,6
687,17,2026-05-14 14:49:46,0
688,18,2026-05-14 14:49:48,8
689,20,2026-05-14 14:49:55,198
690,21,2026-05-14 14:49:58,60
691,22,2026-05-14 14:50:01,84
692,23,2026-05-14 14:50:05,1900
693,24,2026-05-14 14:50:10,126
694,25,2026-05-14 14:50:13,0
695,26,2026-05-14 14:50:16,0
696,28,2026-05-14 14:50:19,118
697,27,2026-05-14 14:50:28,0
698,29,2026-05-14 14:50:38,70
699,30,2026-05-14 14:50:49,50
700,33,2026-05-14 14:50:53,96
701,32,2026-05-14 14:50:58,12
702,34,2026-05-14 14:51:02,50
703,35,2026-05-14 14:51:07,60
704,36,2026-05-14 14:51:10,1520
705,37,2026-05-14 14:51:14,20
706,38,2026-05-14 14:51:18,670
707,40,2026-05-14 14:51:23,14
708,39,2026-05-14 14:51:27,74
709,42,2026-05-14 14:51:30,172
710,43,2026-05-14 14:51:34,0
711,45,2026-05-14 14:51:39,90
712,44,2026-05-14 14:51:44,320
713,46,2026-05-14 14:51:48,40
714,48,2026-05-14 14:51:51,770
715,50,2026-05-14 14:51:58,1300
716,54,2026-05-14 14:52:03,4000
717,56,2026-05-14 14:52:08,500
718,31,2026-05-14 14:52:19,7520
719,47,2026-05-14 14:52:22,0
720,53,2026-05-14 14:52:27,4000
721,57,2026-05-14 14:52:34,600
722,41,2026-05-14 14:52:40,0
723,49,2026-05-14 14:52:43,0
724,51,2026-05-14 14:52:49,0
725,55,2026-05-14 14:52:52,0
726,61,2026-05-14 14:53:09,34
727,58,2026-05-14 14:53:12,184
728,59,2026-05-14 14:53:16,132
729,62,2026-05-14 14:53:24,780
730,64,2026-05-14 14:53:28,10
731,65,2026-05-14 14:53:31,182
732,66,2026-05-14 14:53:33,642
733,60,2026-05-14 14:53:44,0
734,70,2026-05-14 14:53:57,50
735,71,2026-05-14 14:54:09,1500
736,73,2026-05-14 14:54:15,900
737,74,2026-05-14 14:54:18,240
738,75,2026-05-14 14:54:20,40
739,76,2026-05-14 14:54:24,265
740,77,2026-05-14 14:54:26,0
741,72,2026-05-14 14:54:35,0
742,68,2026-05-14 14:54:39,2560
743,1,2026-05-14 14:55:40,0
744,3,2026-05-14 14:55:42,10
745,4,2026-05-14 14:55:46,4
746,6,2026-05-14 14:55:57,0
748,7,2026-05-14 14:56:07,30
749,8,2026-05-14 14:56:18,2
750,9,2026-05-14 14:56:21,4
751,13,2026-05-14 14:56:36,2
752,14,2026-05-14 14:56:40,0
753,15,2026-05-14 14:56:42,0
754,16,2026-05-14 14:56:45,0
755,17,2026-05-14 14:56:48,212
756,18,2026-05-14 14:56:51,208
757,20,2026-05-14 14:57:03,124
758,21,2026-05-14 14:57:05,30
759,22,2026-05-14 14:57:10,4
760,23,2026-05-14 14:57:14,14
761,24,2026-05-14 14:57:17,50
762,25,2026-05-14 14:57:21,84
763,26,2026-05-14 14:57:23,38
764,28,2026-05-14 14:57:27,12
765,29,2026-05-14 14:57:38,1230
766,30,2026-05-14 14:57:48,16
767,33,2026-05-14 14:57:50,244
768,32,2026-05-14 14:57:52,2
769,34,2026-05-14 14:57:56,780
770,35,2026-05-14 14:58:00,600
771,36,2026-05-14 14:58:04,1030
772,37,2026-05-14 14:58:09,1270
773,38,2026-05-14 14:58:13,170
774,40,2026-05-14 14:58:17,196
775,39,2026-05-14 14:58:19,50
776,42,2026-05-14 14:58:22,8
777,43,2026-05-14 14:58:25,170
778,45,2026-05-14 14:58:28,101
779,44,2026-05-14 14:58:32,320
780,46,2026-05-14 14:58:35,1270
781,48,2026-05-14 14:58:37,240
782,50,2026-05-14 14:58:47,600
783,54,2026-05-14 14:58:51,6
784,56,2026-05-14 14:58:53,28
785,31,2026-05-14 14:59:09,4400
786,47,2026-05-14 14:59:14,2500
787,53,2026-05-14 14:59:19,2870
788,57,2026-05-14 14:59:23,254
789,41,2026-05-14 14:59:26,0
790,49,2026-05-14 14:59:30,1260
791,51,2026-05-14 14:59:34,8000
792,55,2026-05-14 14:59:38,172
793,70,2026-05-14 14:59:53,160
794,67,2026-05-14 14:59:55,4
795,69,2026-05-14 15:00:01,6
796,71,2026-05-14 15:00:10,1020
797,73,2026-05-14 15:00:13,10
798,74,2026-05-14 15:00:16,0
799,75,2026-05-14 15:00:20,5
800,76,2026-05-14 15:00:22,0
801,77,2026-05-14 15:00:24,370
802,72,2026-05-14 15:00:33,13800
803,68,2026-05-14 15:00:38,880
804,6,2026-05-14 15:01:29,0
805,7,2026-05-14 15:01:33,30
806,8,2026-05-14 15:01:35,2
807,9,2026-05-14 15:01:37,4
808,10,2026-05-14 15:01:46,8
809,11,2026-05-14 15:01:47,8
810,12,2026-05-14 15:01:49,6
811,13,2026-05-14 15:01:57,0
812,14,2026-05-14 15:02:00,2
813,15,2026-05-14 15:02:02,0
814,16,2026-05-14 15:02:05,42
815,17,2026-05-14 15:02:07,0
816,18,2026-05-14 15:02:09,0
817,20,2026-05-14 15:02:17,72
818,21,2026-05-14 15:02:20,50
819,22,2026-05-14 15:02:23,108
820,23,2026-05-14 15:02:28,42
821,24,2026-05-14 15:02:32,60
822,25,2026-05-14 15:02:34,22
823,26,2026-05-14 15:02:37,2400
824,28,2026-05-14 15:02:40,2
825,29,2026-05-14 15:02:51,2750
826,30,2026-05-14 15:03:01,88
827,30,2026-05-14 15:03:03,14
828,33,2026-05-14 15:03:07,0
829,32,2026-05-14 15:03:45,24
830,34,2026-05-14 15:06:47,90
831,35,2026-05-14 15:06:52,20
832,36,2026-05-14 15:06:56,0
833,37,2026-05-14 15:07:00,100
834,38,2026-05-14 15:07:03,170
835,40,2026-05-14 15:07:06,46
836,39,2026-05-14 15:07:09,140
837,42,2026-05-14 15:07:15,48
838,43,2026-05-14 15:07:19,176
839,45,2026-05-14 15:07:25,20
840,44,2026-05-14 15:07:28,150
841,46,2026-05-14 15:07:31,80
842,48,2026-05-14 15:07:34,40
843,50,2026-05-14 15:07:39,0
844,54,2026-05-14 15:07:47,2100
845,56,2026-05-14 15:07:49,800
846,31,2026-05-14 15:08:00,0
847,47,2026-05-14 15:08:04,80
848,53,2026-05-14 15:08:09,16500
849,57,2026-05-14 15:08:14,0
850,41,2026-05-14 15:08:17,0
851,49,2026-05-14 15:08:19,0
852,51,2026-05-14 15:08:23,1660
853,55,2026-05-14 15:08:26,0
854,70,2026-05-14 15:08:40,70
855,67,2026-05-14 15:08:42,0
856,69,2026-05-14 15:08:45,2
857,71,2026-05-14 15:08:47,0
858,73,2026-05-14 15:08:50,700
859,74,2026-05-14 15:08:54,15
860,75,2026-05-14 15:08:57,15
861,76,2026-05-14 15:08:59,60
862,77,2026-05-14 15:09:02,1100
863,72,2026-05-14 15:09:10,45000
864,68,2026-05-14 15:09:15,320
865,1,2026-05-14 15:10:02,2
866,3,2026-05-14 15:10:05,2
867,4,2026-05-14 15:10:07,24
868,5,2026-05-14 15:10:13,0
869,6,2026-05-14 15:10:14,0
870,7,2026-05-14 15:10:16,4
871,8,2026-05-14 15:10:18,0
872,9,2026-05-14 15:10:20,0
873,13,2026-05-14 15:10:28,0
874,14,2026-05-14 15:10:30,0
875,15,2026-05-14 15:10:50,0
876,16,2026-05-14 15:10:52,0
877,16,2026-05-14 15:10:56,0
878,17,2026-05-14 15:10:59,0
879,18,2026-05-14 15:11:01,20
880,20,2026-05-14 15:11:08,0
881,21,2026-05-14 15:11:10,8
882,22,2026-05-14 15:11:15,8
883,23,2026-05-14 15:11:18,2
884,24,2026-05-14 15:11:21,16
885,25,2026-05-14 15:11:25,116
886,26,2026-05-14 15:11:30,510
887,28,2026-05-14 15:11:32,8
888,27,2026-05-14 15:11:40,2260
889,29,2026-05-14 15:11:42,10
890,30,2026-05-14 15:11:54,36
891,33,2026-05-14 15:11:57,0
892,32,2026-05-14 15:11:59,48
893,34,2026-05-14 15:12:02,0
894,35,2026-05-14 15:12:07,0
895,36,2026-05-14 15:12:09,0
896,37,2026-05-14 15:12:14,0
897,38,2026-05-14 15:12:17,30
898,40,2026-05-14 15:12:20,6
899,39,2026-05-14 15:12:22,0
900,42,2026-05-14 15:12:26,2
901,43,2026-05-14 15:12:29,50
902,45,2026-05-14 15:12:33,30
903,44,2026-05-14 15:12:35,10
904,46,2026-05-14 15:12:41,50
905,48,2026-05-14 15:12:44,0
906,50,2026-05-14 15:12:53,330
907,54,2026-05-14 15:13:01,6000
908,56,2026-05-14 15:13:04,66
909,31,2026-05-14 15:13:14,160
910,47,2026-05-14 15:13:21,500
911,57,2026-05-14 15:13:33,58
912,41,2026-05-14 15:13:37,400
913,49,2026-05-14 15:13:41,250
914,51,2026-05-14 15:13:46,350
915,55,2026-05-14 15:13:50,38
916,72,2026-05-14 15:14:08,52000
917,68,2026-05-14 15:14:11,620
918,70,2026-05-14 15:14:24,30
919,67,2026-05-14 15:14:27,2
920,69,2026-05-14 15:14:32,2
921,71,2026-05-14 15:14:35,2000
922,73,2026-05-14 15:14:39,1070
923,74,2026-05-14 15:14:41,5
924,75,2026-05-14 15:14:43,170
925,76,2026-05-14 15:14:46,5
926,77,2026-05-14 15:14:48,0
927,13,2026-05-14 15:15:33,0
928,14,2026-05-14 15:15:35,6
929,15,2026-05-14 15:15:38,0
930,16,2026-05-14 15:15:40,0
931,17,2026-05-14 15:15:42,0
932,18,2026-05-14 15:15:44,0
933,20,2026-05-14 15:15:51,174
934,21,2026-05-14 15:15:54,24
935,22,2026-05-14 15:15:57,10
936,23,2026-05-14 15:15:59,2
937,24,2026-05-14 15:16:02,0
938,25,2026-05-14 15:16:05,4
939,26,2026-05-14 15:16:08,12
940,28,2026-05-14 15:16:12,14
941,29,2026-05-14 15:16:20,0
942,30,2026-05-14 15:16:29,0
943,33,2026-05-14 15:16:34,0
944,32,2026-05-14 15:16:37,68
945,34,2026-05-14 15:16:40,10
946,35,2026-05-14 15:16:44,10
947,36,2026-05-14 15:16:50,0
948,37,2026-05-14 15:16:58,0
949,38,2026-05-14 15:17:02,0
950,40,2026-05-14 15:17:05,26
951,39,2026-05-14 15:17:08,4
952,42,2026-05-14 15:17:10,0
953,43,2026-05-14 15:17:13,0
954,45,2026-05-14 15:17:15,0
955,44,2026-05-14 15:17:18,10
956,46,2026-05-14 15:17:22,10
957,48,2026-05-14 15:17:28,0
958,50,2026-05-14 15:17:31,60
959,54,2026-05-14 15:17:36,6
960,56,2026-05-14 15:17:43,0
961,31,2026-05-14 15:17:50,0
962,47,2026-05-14 15:17:55,1000
963,57,2026-05-14 15:18:05,54
964,41,2026-05-14 15:18:07,0
965,49,2026-05-14 15:18:12,160
966,51,2026-05-14 15:18:16,300
967,55,2026-05-14 15:18:21,30
968,72,2026-05-14 15:18:30,1300
969,68,2026-05-14 15:18:34,1000
970,70,2026-05-14 15:18:41,20
971,67,2026-05-14 15:18:43,0
972,69,2026-05-14 15:18:46,14
973,71,2026-05-14 15:18:49,20
974,73,2026-05-14 15:18:52,0
975,74,2026-05-14 15:18:55,130
976,75,2026-05-14 15:18:57,10
977,76,2026-05-14 15:19:00,10
978,77,2026-05-14 15:19:02,100
979,10,2026-05-14 15:19:38,20
980,11,2026-05-14 15:19:40,2
981,12,2026-05-14 15:19:42,0
982,13,2026-05-14 15:19:49,0
983,14,2026-05-14 15:19:51,0
984,15,2026-05-14 15:19:53,0
985,16,2026-05-14 15:19:55,30
986,17,2026-05-14 15:19:57,500
987,18,2026-05-14 15:20:21,126
988,20,2026-05-14 15:20:28,90
989,21,2026-05-14 15:20:33,12
990,22,2026-05-14 15:20:35,10
991,23,2026-05-14 15:20:38,8
992,24,2026-05-14 15:20:40,8
993,25,2026-05-14 15:20:43,60
994,26,2026-05-14 15:20:47,4320
995,28,2026-05-14 15:20:49,18
996,27,2026-05-14 15:20:56,0
997,29,2026-05-14 15:21:07,0
998,30,2026-05-14 15:21:14,0
999,33,2026-05-14 15:21:17,186
1000,32,2026-05-14 15:21:20,180
1001,34,2026-05-14 15:21:24,420
1002,35,2026-05-14 15:21:28,600
1003,36,2026-05-14 15:21:34,3300
1004,37,2026-05-14 15:21:38,2560
1005,38,2026-05-14 15:21:40,450
1006,40,2026-05-14 15:21:48,4
1007,42,2026-05-14 15:21:51,0
1008,43,2026-05-14 15:21:55,0
1009,45,2026-05-14 15:21:58,20
1010,44,2026-05-14 15:22:01,1500
1011,46,2026-05-14 15:22:04,400
1012,48,2026-05-14 15:22:11,1010
1013,50,2026-05-14 15:22:14,900
1014,54,2026-05-14 15:22:20,230
1015,56,2026-05-14 15:22:23,6
1016,31,2026-05-14 15:22:34,0
1017,47,2026-05-14 15:22:38,0
1018,57,2026-05-14 15:22:47,0
1019,41,2026-05-14 15:22:49,0
1020,49,2026-05-14 15:22:51,0
1021,51,2026-05-14 15:22:54,420
1022,55,2026-05-14 15:22:57,0
1023,61,2026-05-14 15:23:12,22
1024,58,2026-05-14 15:23:15,38
1025,59,2026-05-14 15:23:18,66
1026,62,2026-05-14 15:23:21,6
1027,64,2026-05-14 15:23:25,0
1028,65,2026-05-14 15:23:27,16
1029,66,2026-05-14 15:23:29,26
1030,60,2026-05-14 15:23:36,2100
1031,70,2026-05-14 15:23:44,40
1032,67,2026-05-14 15:23:46,4
1033,71,2026-05-14 15:23:51,1170
1034,73,2026-05-14 15:23:54,190
1035,74,2026-05-14 15:23:56,100
1036,75,2026-05-14 15:23:58,5
1037,76,2026-05-14 15:24:01,5
1038,77,2026-05-14 15:24:04,40
1039,72,2026-05-14 15:24:16,31900
1040,68,2026-05-14 15:24:20,110
1041,3,2026-05-14 15:25:13,30
1042,4,2026-05-14 15:25:15,170
1043,6,2026-05-14 15:25:22,14
1044,7,2026-05-14 15:25:25,112
1045,8,2026-05-14 15:25:28,2
1046,9,2026-05-14 15:25:30,0
1047,13,2026-05-14 15:25:41,2
1048,14,2026-05-14 15:25:43,0
1049,15,2026-05-14 15:25:45,462
1050,16,2026-05-14 15:25:47,114
1051,17,2026-05-14 15:25:49,400
1052,18,2026-05-14 15:25:52,528
1053,20,2026-05-14 15:26:02,10
1054,21,2026-05-14 15:26:05,452
1055,22,2026-05-14 15:26:08,548
1056,23,2026-05-14 15:26:13,138
1057,24,2026-05-14 15:26:16,10
1058,25,2026-05-14 15:26:19,4
1059,26,2026-05-14 15:26:23,0
1060,28,2026-05-14 15:26:25,38
1061,27,2026-05-14 15:26:33,0
1062,29,2026-05-14 15:26:36,0
1063,30,2026-05-14 15:26:47,1114
1064,33,2026-05-14 15:26:50,8
1065,32,2026-05-14 15:26:54,2
1066,34,2026-05-14 15:26:57,310
1067,35,2026-05-14 15:26:59,0
1068,36,2026-05-14 15:27:05,520
1069,37,2026-05-14 15:27:09,400
1070,38,2026-05-14 15:27:11,150
1071,40,2026-05-14 15:27:13,20
1072,39,2026-05-14 15:27:15,0
1073,42,2026-05-14 15:27:20,60
1074,43,2026-05-14 15:27:23,4
1075,45,2026-05-14 15:27:29,0
1076,44,2026-05-14 15:27:32,110
1077,46,2026-05-14 15:27:35,780
1078,48,2026-05-14 15:27:38,110
1079,50,2026-05-14 15:27:45,200
1080,54,2026-05-14 15:27:47,190
1081,56,2026-05-14 15:27:52,2000
1082,31,2026-05-14 15:28:00,0
1083,47,2026-05-14 15:28:02,0
1084,57,2026-05-14 15:28:14,2000
1085,41,2026-05-14 15:28:17,7500
1086,49,2026-05-14 15:28:21,250
1087,51,2026-05-14 15:28:25,2000
1088,55,2026-05-14 15:28:30,0
1089,72,2026-05-14 15:28:40,2000
1090,68,2026-05-14 15:28:50,740
1091,70,2026-05-14 15:29:04,240
1092,67,2026-05-14 15:29:06,68
1093,71,2026-05-14 15:29:12,0
1094,73,2026-05-14 15:29:15,90
1095,74,2026-05-14 15:29:18,5
1096,75,2026-05-14 15:29:22,10
1097,76,2026-05-14 15:29:26,475
1098,77,2026-05-14 15:29:28,440
1099,13,2026-05-14 15:30:06,0
1100,14,2026-05-14 15:30:08,2
1101,15,2026-05-14 15:30:10,0
1102,16,2026-05-14 15:30:12,2
1103,17,2026-05-14 15:30:14,0
1104,18,2026-05-14 15:30:17,10
1105,20,2026-05-14 15:30:26,0
1106,21,2026-05-14 15:30:28,46
1107,22,2026-05-14 15:30:31,52
1108,23,2026-05-14 15:30:33,8
1109,24,2026-05-14 15:30:37,8
1110,25,2026-05-14 15:30:40,2
1111,26,2026-05-14 15:30:43,6
1112,28,2026-05-14 15:30:45,10
1113,29,2026-05-14 15:30:55,0
1114,30,2026-05-14 15:31:03,150
1115,33,2026-05-14 15:31:06,18
1116,32,2026-05-14 15:31:08,10
1117,34,2026-05-14 15:31:12,30
1118,35,2026-05-14 15:31:14,70
1119,36,2026-05-14 15:31:21,420
1120,37,2026-05-14 15:31:27,660
1121,38,2026-05-14 15:31:29,50
1122,40,2026-05-14 15:31:31,0
1123,39,2026-05-14 15:31:39,10
1124,42,2026-05-14 15:31:40,0
1125,43,2026-05-14 15:31:43,34
1126,45,2026-05-14 15:31:46,50
1127,44,2026-05-14 15:31:49,15000
1128,46,2026-05-14 15:31:52,80
1129,48,2026-05-14 15:31:56,190
1130,50,2026-05-14 15:31:58,60
1131,54,2026-05-14 15:32:05,4
1132,56,2026-05-14 15:32:12,0
1133,31,2026-05-14 15:32:24,2020
1134,47,2026-05-14 15:32:27,50
1135,57,2026-05-14 15:32:39,36
1136,41,2026-05-14 15:32:42,3400
1137,49,2026-05-14 15:32:46,710
1138,51,2026-05-14 15:32:51,500
1139,55,2026-05-14 15:32:58,400
1140,72,2026-05-14 15:33:07,7500
1141,68,2026-05-14 15:33:11,500
1142,70,2026-05-14 15:33:19,1000
1143,67,2026-05-14 15:33:21,0
1144,71,2026-05-14 15:33:27,200
1145,73,2026-05-14 15:33:29,10
1146,74,2026-05-14 15:33:32,5
1147,75,2026-05-14 15:33:34,45
1148,76,2026-05-14 15:33:36,5
1149,77,2026-05-14 15:33:43,390
1150,3,2026-05-14 15:34:17,14
1151,4,2026-05-14 15:34:19,152
1152,20,2026-05-14 15:34:28,6
1153,21,2026-05-14 15:34:29,0
1154,22,2026-05-14 15:34:31,12
1155,23,2026-05-14 15:34:33,2
1156,24,2026-05-14 15:34:35,12
1157,25,2026-05-14 15:34:38,10
1158,26,2026-05-14 15:34:45,10
1159,28,2026-05-14 15:34:46,0
1160,29,2026-05-14 15:34:58,500
1161,30,2026-05-14 15:35:10,6
1162,33,2026-05-14 15:35:12,8
1163,32,2026-05-14 15:35:14,16
1164,34,2026-05-14 15:35:18,110
1165,35,2026-05-14 15:35:20,220
1166,36,2026-05-14 15:35:27,780
1167,37,2026-05-14 15:35:29,20
1168,38,2026-05-14 15:35:31,20
1169,40,2026-05-14 15:35:33,4
1170,39,2026-05-14 15:35:36,0
1171,42,2026-05-14 15:35:39,6
1172,43,2026-05-14 15:35:42,260
1173,45,2026-05-14 15:35:45,870
1174,44,2026-05-14 15:35:48,1200
1175,46,2026-05-14 15:35:53,2500
1176,48,2026-05-14 15:35:56,90
1177,54,2026-05-14 15:36:05,3000
1178,56,2026-05-14 15:36:11,200
1179,31,2026-05-14 15:36:20,1050
1180,47,2026-05-14 15:36:25,30000
1181,57,2026-05-14 15:36:35,218
1182,41,2026-05-14 15:36:37,0
1183,49,2026-05-14 15:36:42,5000
1184,55,2026-05-14 15:36:50,6000
1185,20,2026-05-14 15:37:32,0
1186,20,2026-05-14 15:37:36,0
1187,21,2026-05-14 15:37:39,0
1188,22,2026-05-14 15:37:41,24
1189,23,2026-05-14 15:37:43,32
1190,24,2026-05-14 15:37:46,30
1191,25,2026-05-14 15:38:02,10
1192,26,2026-05-14 15:38:08,32
1193,28,2026-05-14 15:38:10,0
1194,27,2026-05-14 15:38:20,60000
1195,29,2026-05-14 15:38:24,1350
1196,30,2026-05-14 15:38:34,82
1197,33,2026-05-14 15:38:36,6
1198,32,2026-05-14 15:38:42,86
1199,34,2026-05-14 15:38:45,300
1200,35,2026-05-14 15:38:51,90
1201,36,2026-05-14 15:38:55,1550
1202,37,2026-05-14 15:38:58,90
1203,38,2026-05-14 15:39:01,10
1204,40,2026-05-14 15:39:04,46
1205,39,2026-05-14 15:39:06,40
1206,42,2026-05-14 15:39:08,6
1207,43,2026-05-14 15:39:11,76
1208,45,2026-05-14 15:39:19,290
1209,44,2026-05-14 15:39:22,880
1210,46,2026-05-14 15:39:26,630
1211,48,2026-05-14 15:39:29,1160
1212,50,2026-05-14 15:39:33,300
1213,54,2026-05-14 15:39:37,62
1214,56,2026-05-14 15:39:42,54
1215,31,2026-05-14 15:39:49,0
1216,47,2026-05-14 15:39:53,0
1217,57,2026-05-14 15:40:01,0
1218,41,2026-05-14 15:40:07,8300
1219,49,2026-05-14 15:40:10,210
1220,51,2026-05-14 15:40:14,1250
1221,55,2026-05-14 15:40:22,0
1222,60,2026-05-14 15:40:37,0
1223,72,2026-05-14 15:40:47,2800
1224,68,2026-05-14 15:40:50,1150
1225,61,2026-05-14 15:40:57,46
1226,58,2026-05-14 15:40:59,2
1227,59,2026-05-14 15:41:02,2200
1228,62,2026-05-14 15:41:05,0
1229,64,2026-05-14 15:41:09,176
1230,65,2026-05-14 15:41:11,20
1231,70,2026-05-14 15:41:22,2350
1232,67,2026-05-14 15:41:33,8
1233,71,2026-05-14 15:41:40,1120
1234,73,2026-05-14 15:41:42,250
1235,74,2026-05-14 15:41:45,385
1236,75,2026-05-14 15:41:48,175
1237,76,2026-05-14 15:41:52,75
1238,77,2026-05-14 15:41:54,780
1239,13,2026-05-27 10:48:25,4
1240,14,2026-05-27 10:48:26,12
1241,15,2026-05-27 10:48:27,6
1242,17,2026-05-27 10:48:30,294
1243,18,2026-05-27 10:48:30,12
1244,20,2026-05-27 10:51:05,8
1245,21,2026-05-27 10:51:06,2
1246,22,2026-05-27 10:51:14,10
1247,23,2026-05-27 10:51:21,4
1248,24,2026-05-27 10:51:28,14
1249,25,2026-05-27 10:51:41,34
1250,26,2026-05-27 10:51:49,256
1251,28,2026-05-27 10:51:54,4
1252,30,2026-05-27 10:52:12,84
1253,33,2026-05-27 10:52:29,0
1254,32,2026-05-27 10:52:35,10
1255,34,2026-05-27 10:52:49,100
1256,35,2026-05-27 10:52:55,60
1257,36,2026-05-27 10:53:06,1620
1258,37,2026-05-27 10:53:18,420
1259,38,2026-05-27 10:53:27,0
1260,40,2026-05-27 10:53:55,16
1261,39,2026-05-27 10:54:06,4
1262,42,2026-05-27 10:54:13,10
1263,43,2026-05-27 10:54:21,126
1264,70,2026-05-27 10:54:47,860
1265,67,2026-05-27 10:55:24,22
1266,69,2026-05-27 10:55:32,32
1267,71,2026-05-27 10:55:40,810
1268,73,2026-05-27 10:56:11,90
1269,74,2026-05-27 10:56:19,45
1270,75,2026-05-27 10:56:26,335
1271,76,2026-05-27 10:56:34,105
1272,77,2026-05-27 10:56:51,2650
1273,13,2026-05-27 10:59:00,2
1274,14,2026-05-27 10:59:04,22
1275,15,2026-05-27 10:59:07,0
1276,16,2026-05-27 10:59:14,2
1277,17,2026-05-27 10:59:19,10
1278,18,2026-05-27 10:59:23,200
1279,20,2026-05-27 11:00:30,2
1280,21,2026-05-27 11:00:37,58
1281,22,2026-05-27 11:00:45,18
1282,23,2026-05-27 11:00:49,8
1283,24,2026-05-27 11:00:56,0
1284,25,2026-05-27 11:01:04,156
1285,26,2026-05-27 11:01:13,4
1286,28,2026-05-27 11:01:20,4
1287,30,2026-05-27 11:01:35,738
1288,32,2026-05-27 11:01:55,382
1289,33,2026-05-27 11:02:01,0
1290,35,2026-05-27 11:02:22,400
1291,34,2026-05-27 11:02:32,70
1292,37,2026-05-27 11:02:41,550
1293,36,2026-05-27 11:03:18,970
1294,38,2026-05-27 11:03:37,10
1295,39,2026-05-27 11:05:25,4
1296,42,2026-05-27 11:05:34,269
1297,43,2026-05-27 11:05:41,94
1298,45,2026-05-27 11:05:48,400
1299,44,2026-05-27 11:06:11,150
1300,46,2026-05-27 11:06:24,160
1301,48,2026-05-27 11:06:32,320
1302,50,2026-05-27 11:07:04,0
1303,54,2026-05-27 11:09:24,6
1304,56,2026-05-27 11:09:32,24
1305,70,2026-05-27 11:09:47,40
1306,71,2026-05-27 11:10:02,3600
1307,73,2026-05-27 11:10:15,0
1308,74,2026-05-27 11:10:23,5
1309,75,2026-05-27 11:10:30,30
1310,76,2026-05-27 11:10:36,5
1311,77,2026-05-27 11:10:43,150
1312,13,2026-05-29 11:44:48,0
1313,14,2026-05-29 11:44:52,0
1314,15,2026-05-29 11:45:03,10
1315,16,2026-05-29 11:45:06,36
1316,17,2026-05-29 11:45:42,0
1317,18,2026-05-29 11:45:45,180
1318,20,2026-05-29 11:46:17,0
1319,21,2026-05-29 11:46:21,66
1320,22,2026-05-29 11:46:27,126
1321,23,2026-05-29 11:46:34,24
1322,24,2026-05-29 11:46:42,26
1323,25,2026-05-29 11:46:48,96
1324,26,2026-05-29 11:46:58,110
1325,28,2026-05-29 11:47:27,138
1326,30,2026-05-29 11:49:17,506
1327,33,2026-05-29 11:49:18,16
1328,32,2026-05-29 11:49:18,684
1329,34,2026-05-29 11:49:19,210
1330,35,2026-05-29 11:49:19,10
1331,36,2026-05-29 11:49:20,570
1332,38,2026-05-29 11:49:25,20
1333,44,2026-05-29 11:52:11,120
1334,43,2026-05-29 11:52:11,990
1335,42,2026-05-29 11:52:12,284
1336,39,2026-05-29 11:52:12,12
1337,50,2026-05-29 11:53:32,1590
1338,54,2026-05-29 11:53:33,4
1339,46,2026-05-29 11:53:33,7200
1340,77,2026-05-29 11:57:42,1100
1341,76,2026-05-29 11:57:43,185
1342,75,2026-05-29 11:57:43,25
1343,74,2026-05-29 11:57:44,280
1344,71,2026-05-29 11:57:46,1830
1345,73,2026-05-29 11:57:48,139
1346,69,2026-05-29 11:57:48,22
1347,67,2026-05-29 11:57:49,16
1348,70,2026-05-29 11:57:50,60
1349,18,2026-06-03 12:37:28,0
1350,17,2026-06-03 12:37:28,2
1351,16,2026-06-03 12:37:29,0
1352,15,2026-06-03 12:37:30,0
1353,14,2026-06-03 12:37:30,8
1354,13,2026-06-03 12:37:31,0
1355,28,2026-06-03 12:38:40,0
1356,26,2026-06-03 12:38:40,60
1357,25,2026-06-03 12:38:41,26
1358,24,2026-06-03 12:38:42,38
1359,23,2026-06-03 12:38:43,0
1360,22,2026-06-03 12:38:45,10
1361,21,2026-06-03 12:38:45,0
1362,20,2026-06-03 12:38:46,14
1363,56,2026-06-03 12:41:03,0
1364,54,2026-06-03 12:41:03,16
1365,50,2026-06-03 12:41:04,10
1366,48,2026-06-03 12:41:05,120
1367,46,2026-06-03 12:41:06,10
1368,44,2026-06-03 12:41:07,130
1369,45,2026-06-03 12:41:07,30
1370,42,2026-06-03 12:41:14,18
1371,39,2026-06-03 12:41:15,16
1372,40,2026-06-03 12:41:16,192
1373,38,2026-06-03 12:41:17,200
1374,37,2026-06-03 12:41:17,250
1375,36,2026-06-03 12:41:18,210
1376,35,2026-06-03 12:41:19,20
1377,34,2026-06-03 12:41:19,180
1378,32,2026-06-03 12:41:22,230
1379,33,2026-06-03 12:41:23,0
1380,30,2026-06-03 12:41:23,68
1381,70,2026-06-03 12:42:43,0
1382,69,2026-06-03 12:42:44,6
1383,71,2026-06-03 12:42:45,1800
1384,73,2026-06-03 12:42:45,20
1385,74,2026-06-03 12:42:46,10
1386,75,2026-06-03 12:42:47,15
1387,76,2026-06-03 12:42:48,5
1388,77,2026-06-03 12:42:49,1260
1389,9,2026-06-12 11:50:47,4
1390,8,2026-06-12 11:50:47,0
1391,7,2026-06-12 11:50:48,30
1392,6,2026-06-12 11:50:49,60
1393,5,2026-06-12 11:50:49,0
1394,28,2026-06-12 11:51:47,96
1395,26,2026-06-12 11:51:48,94
1396,25,2026-06-12 11:51:49,236
1397,24,2026-06-12 11:51:49,6
1398,23,2026-06-12 11:51:50,20
1399,22,2026-06-12 11:51:51,40
1400,21,2026-06-12 11:51:51,0
1401,20,2026-06-12 11:51:52,20
1402,56,2026-06-12 11:55:33,2
1403,54,2026-06-12 11:55:33,4
1404,50,2026-06-12 11:55:35,210
1405,48,2026-06-12 11:55:36,380
1406,46,2026-06-12 11:55:37,420
1407,44,2026-06-12 11:55:38,200
1408,45,2026-06-12 11:55:39,400
1409,43,2026-06-12 11:55:40,116
1410,39,2026-06-12 11:55:50,24
1411,40,2026-06-12 11:55:51,34
1412,38,2026-06-12 11:55:52,0
1413,37,2026-06-12 11:55:54,610
1414,36,2026-06-12 11:55:57,840
1415,35,2026-06-12 11:55:59,70
1416,34,2026-06-12 11:56:00,0
1417,32,2026-06-12 11:56:01,10
1418,33,2026-06-12 11:56:03,36
1419,65,2026-06-12 11:57:21,16
1420,64,2026-06-12 11:57:21,234
1421,62,2026-06-12 11:57:22,6
1422,59,2026-06-12 11:57:22,6
1423,58,2026-06-12 11:57:23,8
1424,61,2026-06-12 11:57:23,46
1425,4,2026-06-19 10:25:59,6
1426,3,2026-06-19 10:26:00,0
1427,2,2026-06-19 10:26:01,0
1428,12,2026-06-19 10:26:15,0
1429,11,2026-06-19 10:26:15,40
1430,10,2026-06-19 10:26:16,4
1431,18,2026-06-19 10:26:43,106
1432,17,2026-06-19 10:26:43,0
1433,16,2026-06-19 10:26:44,34
1434,15,2026-06-19 10:26:44,0
1435,14,2026-06-19 10:26:45,48
1436,13,2026-06-19 10:26:45,0
1437,28,2026-06-19 10:27:40,10
1438,26,2026-06-19 10:27:40,16
1439,25,2026-06-19 10:27:41,60
1440,24,2026-06-19 10:27:41,134
1441,23,2026-06-19 10:27:41,0
1442,22,2026-06-19 10:27:42,262
1443,21,2026-06-19 10:27:43,78
1444,20,2026-06-19 10:27:43,12
1445,56,2026-06-19 10:30:25,26
1446,54,2026-06-19 10:30:25,10
1447,50,2026-06-19 10:30:26,3000
1448,48,2026-06-19 10:30:26,110
1449,46,2026-06-19 10:30:27,40
1450,44,2026-06-19 10:30:28,230
1451,45,2026-06-19 10:30:28,10
1452,43,2026-06-19 10:30:29,60
1453,42,2026-06-19 10:30:31,44
1454,39,2026-06-19 10:30:31,38
1455,40,2026-06-19 10:30:32,84
1456,38,2026-06-19 10:30:32,140
1457,37,2026-06-19 10:30:33,430
1458,35,2026-06-19 10:30:34,30
1459,34,2026-06-19 10:30:36,0
1460,32,2026-06-19 10:30:37,0
1461,33,2026-06-19 10:30:37,26
1462,30,2026-06-19 10:30:38,76
1463,56,2026-06-26 11:19:51,108
1464,54,2026-06-26 11:19:52,10
1465,50,2026-06-26 11:19:53,10
1466,48,2026-06-26 11:19:54,180
1467,46,2026-06-26 11:19:54,340
1468,44,2026-06-26 11:19:55,450
1469,45,2026-06-26 11:19:56,60
1470,43,2026-06-26 11:19:57,148
1471,42,2026-06-26 11:19:57,2
1472,39,2026-06-26 11:19:58,8
1473,40,2026-06-26 11:19:59,54
1474,38,2026-06-26 11:19:59,20
1475,37,2026-06-26 11:20:01,720
1476,36,2026-06-26 11:20:01,1005
1477,35,2026-06-26 11:20:02,80
1478,34,2026-06-26 11:20:02,70
1479,32,2026-06-26 11:20:03,22
1480,33,2026-06-26 11:20:04,146
1481,30,2026-06-26 11:20:04,40
1482,18,2026-07-03 09:58:57,460
1483,17,2026-07-03 09:58:58,350
1484,16,2026-07-03 09:58:58,0
1485,15,2026-07-03 09:58:59,50
1486,14,2026-07-03 09:59:00,12
1487,13,2026-07-03 09:59:00,166
1488,28,2026-07-03 10:00:05,32
1489,26,2026-07-03 10:00:06,20
1490,25,2026-07-03 10:00:06,4
1491,24,2026-07-03 10:00:07,106
1492,23,2026-07-03 10:00:07,238
1493,22,2026-07-03 10:00:08,30
1494,21,2026-07-03 10:00:08,50
1495,20,2026-07-03 10:00:09,140
1496,50,2026-07-03 10:04:44,770
1497,56,2026-07-03 10:04:45,14
1498,54,2026-07-03 10:04:46,42
1499,48,2026-07-03 10:04:46,990
1500,46,2026-07-03 10:04:47,970
1501,44,2026-07-03 10:04:47,700
1502,45,2026-07-03 10:04:48,620
1503,43,2026-07-03 10:04:48,400
1504,42,2026-07-03 10:04:49,38
1505,39,2026-07-03 10:04:49,288
1506,38,2026-07-03 10:04:50,130
1507,37,2026-07-03 10:04:51,960
1508,36,2026-07-03 10:04:51,350
1509,35,2026-07-03 10:04:54,410
1510,34,2026-07-03 10:04:55,500
1511,32,2026-07-03 10:04:55,18
1512,33,2026-07-03 10:04:56,20
1513,30,2026-07-03 10:04:56,0
1514,9,2026-07-10 12:17:09,0
1515,8,2026-07-10 12:17:10,0
1516,7,2026-07-10 12:17:10,50
1517,6,2026-07-10 12:17:12,4
1518,18,2026-07-10 12:17:44,22
1519,17,2026-07-10 12:17:45,6
1520,16,2026-07-10 12:17:45,24
1521,15,2026-07-10 12:17:45,2
1522,14,2026-07-10 12:17:46,8
1523,13,2026-07-10 12:17:47,2
1524,28,2026-07-10 12:18:28,0
1525,26,2026-07-10 12:18:28,32
1526,25,2026-07-10 12:18:29,0
1527,24,2026-07-10 12:18:30,26
1528,23,2026-07-10 12:18:30,4
1529,22,2026-07-10 12:18:31,4
1530,21,2026-07-10 12:18:32,2
1531,20,2026-07-10 12:18:32,8
1532,37,2026-07-10 12:20:57,90
1533,36,2026-07-10 12:20:58,1230
1534,35,2026-07-10 12:20:58,0
1535,34,2026-07-10 12:20:59,190
1536,32,2026-07-10 12:21:00,0
1537,33,2026-07-10 12:21:00,0
1538,30,2026-07-10 12:21:01,26
1539,56,2026-07-10 12:22:56,2
1540,54,2026-07-10 12:22:57,12
1541,50,2026-07-10 12:22:57,1800
1542,48,2026-07-10 12:22:58,100
1543,46,2026-07-10 12:22:59,10
1544,44,2026-07-10 12:22:59,310
1545,45,2026-07-10 12:23:00,170
1546,43,2026-07-10 12:23:00,66
1547,42,2026-07-10 12:23:01,12
1548,39,2026-07-10 12:23:01,62
1549,40,2026-07-10 12:23:02,60
1550,66,2026-07-10 12:24:10,0
1551,65,2026-07-10 12:24:10,18
1552,64,2026-07-10 12:24:10,48
1553,62,2026-07-10 12:24:11,444
1554,59,2026-07-10 12:24:11,90
1555,58,2026-07-10 12:24:12,0
1556,61,2026-07-10 12:24:13,64
1557,77,2026-07-10 12:25:21,150
1558,76,2026-07-10 12:25:22,0
1559,75,2026-07-10 12:25:22,0
1560,74,2026-07-10 12:25:23,5
1561,73,2026-07-10 12:25:23,0
1562,71,2026-07-10 12:25:24,450
1563,69,2026-07-10 12:25:25,24
1564,67,2026-07-10 12:25:25,14
1565,70,2026-07-10 12:25:26,410
1566,4,2026-07-17 11:31:46,236
1567,3,2026-07-17 11:31:46,0
1568,9,2026-07-17 11:32:01,0
1569,8,2026-07-17 11:32:02,0
1570,18,2026-07-17 11:32:28,216
1571,17,2026-07-17 11:32:28,128
1572,16,2026-07-17 11:32:29,62
1573,15,2026-07-17 11:32:30,0
1574,14,2026-07-17 11:32:31,0
1575,13,2026-07-17 11:32:31,0
1576,28,2026-07-17 11:33:23,12
1577,26,2026-07-17 11:33:23,30
1578,25,2026-07-17 11:33:24,76
1579,24,2026-07-17 11:33:24,22
1580,23,2026-07-17 11:33:25,0
1581,22,2026-07-17 11:33:26,0
1582,21,2026-07-17 11:33:26,2
1583,56,2026-07-17 11:36:39,12
1584,54,2026-07-17 11:36:39,74
1585,50,2026-07-17 11:36:40,70
1586,48,2026-07-17 11:36:40,10
1587,46,2026-07-17 11:36:41,30
1588,44,2026-07-17 11:36:42,90
1589,45,2026-07-17 11:36:42,20
1590,43,2026-07-17 11:36:43,1250
1591,42,2026-07-17 11:36:44,6
1592,39,2026-07-17 11:36:44,8
1593,40,2026-07-17 11:36:45,116
1594,38,2026-07-17 11:36:46,80
1595,37,2026-07-17 11:36:46,120
1596,36,2026-07-17 11:36:48,190
1597,35,2026-07-17 11:36:49,470
1598,34,2026-07-17 11:36:49,490
1599,32,2026-07-17 11:36:50,16
1600,33,2026-07-17 11:36:51,350
1601,30,2026-07-17 11:36:52,0
1602,77,2026-07-17 11:39:32,1320
1603,76,2026-07-17 11:39:33,45
1604,75,2026-07-17 11:39:33,0
1605,74,2026-07-17 11:39:34,0
1606,73,2026-07-17 11:39:34,20
1607,71,2026-07-17 11:39:35,140
1608,69,2026-07-17 11:39:36,36
1609,67,2026-07-17 11:39:36,26
1610,70,2026-07-17 11:39:36,590
1611,4,2026-07-29 14:42:26,16
1612,3,2026-07-29 14:42:27,16
1613,1,2026-07-29 14:42:27,2
1614,12,2026-07-29 14:42:48,12
1615,12,2026-07-29 14:47:52,12
1616,11,2026-07-29 14:47:53,0
1617,10,2026-07-29 14:47:54,10
1618,18,2026-07-29 14:48:45,108
1619,17,2026-07-29 14:48:45,18
1620,16,2026-07-29 14:48:46,130
1621,15,2026-07-29 14:48:47,10
1622,14,2026-07-29 14:48:48,10
1623,13,2026-07-29 14:48:48,40
1624,26,2026-07-29 14:53:05,14
1625,28,2026-07-29 14:53:05,4
1626,24,2026-07-29 14:53:06,14
1627,21,2026-07-29 14:53:08,6
1628,20,2026-07-29 14:53:09,39
1629,38,2026-07-29 14:55:32,160
1630,37,2026-07-29 14:55:33,2270
1631,36,2026-07-29 14:55:33,1120
1632,35,2026-07-29 14:55:34,4140
1633,34,2026-07-29 14:55:35,3730
1634,32,2026-07-29 14:55:36,126
1635,30,2026-07-29 14:55:37,532
1636,56,2026-07-29 14:58:38,20
1637,50,2026-07-29 14:58:40,18000
1638,48,2026-07-29 14:58:40,410
1639,46,2026-07-29 14:58:42,890
1640,44,2026-07-29 14:58:43,1530
1641,45,2026-07-29 14:58:44,1920
1642,43,2026-07-29 14:58:45,194
1643,39,2026-07-29 14:58:47,76
1644,40,2026-07-29 14:58:48,178
1645,12,2026-07-30 18:32:14,0
1646,11,2026-07-30 18:32:15,28
1647,10,2026-07-30 18:32:16,0
1648,18,2026-07-30 18:32:54,206
1649,17,2026-07-30 18:32:55,2
1650,16,2026-07-30 18:32:57,0
1651,15,2026-07-30 18:32:58,0
1652,14,2026-07-30 18:33:00,0
1653,13,2026-07-30 18:33:01,0
1654,28,2026-07-30 18:34:21,250
1655,26,2026-07-30 18:34:21,66
1656,25,2026-07-30 18:34:23,14
1657,24,2026-07-30 18:34:23,26
1658,23,2026-07-30 18:34:24,6
1659,22,2026-07-30 18:34:24,12
1660,21,2026-07-30 18:34:25,190
1661,20,2026-07-30 18:34:25,106
1662,56,2026-07-30 18:37:52,18
1663,54,2026-07-30 18:37:53,26
1664,50,2026-07-30 18:37:54,1600
1665,48,2026-07-30 18:37:56,1530
1666,46,2026-07-30 18:37:58,0
1667,44,2026-07-30 18:38:04,220
1668,45,2026-07-30 18:38:05,100
1669,43,2026-07-30 18:38:06,46
1670,42,2026-07-30 18:38:10,18
1671,39,2026-07-30 18:38:11,76
1672,40,2026-07-30 18:38:12,18
1673,38,2026-07-30 18:38:13,10
1674,37,2026-07-30 18:38:13,30
1675,36,2026-07-30 18:38:15,10
1676,35,2026-07-30 18:38:17,50
1677,34,2026-07-30 18:38:19,210
1678,32,2026-07-30 18:38:20,106
1679,33,2026-07-30 18:38:22,80
1680,30,2026-07-30 18:38:23,36
1681,77,2026-07-30 18:40:03,0
1682,76,2026-07-30 18:40:03,45
1683,75,2026-07-30 18:40:04,40
1684,74,2026-07-30 18:40:04,220
1685,73,2026-07-30 18:40:05,0
1686,71,2026-07-30 18:40:05,850
1687,69,2026-07-30 18:40:06,380
1688,67,2026-07-30 18:40:06,4
1689,70,2026-07-30 18:40:07,10
1690,9,2026-07-31 10:25:30,6
1691,8,2026-07-31 10:25:30,2
1692,7,2026-07-31 10:25:31,600
1693,6,2026-07-31 10:25:31,52
1694,5,2026-07-31 10:25:32,16
